Liam,Olivia
Noah,Emma
Oliver,Charlotte
Elijah,Amelia
James,Ava
William,Sophia
Benjamin,Isabella
Lucas,Mia
Henry,Evelyn
Theodore,Harper
Jack,Luna
Levi,Camila
Alexander,Gianna
Jackson,Elizabeth
Mateo,Eleanor
Daniel,Ella
Michael,Abigail
Mason,Sofia
Sebastian,Avery
Ethan,Scarlett
Logan,Emily
Owen,Aria
Samuel,Penelope
Jacob,Chloe
Asher,Layla
Aiden,Mila
John,Nora
Joseph,Hazel
Wyatt,Madison
David,Ellie
Leo,Lily
Luke,Nova
Julian,Isla
Hudson,Grace
Grayson,Violet
Matthew,Aurora
Ezra,Riley
Gabriel,Zoey
Carter,Willow
Isaac,Emilia
Jayden,Stella
Luca,Zoe
Anthony,Victoria
Dylan,Hannah
Lincoln,Addison
Thomas,Leah
Maverick,Lucy
Elias,Eliana
Josiah,Ivy
Charles,Everly
Caleb,Lillian
Christopher,Paisley
Ezekiel,Elena
Miles,Naomi
Jaxon,Maya
Isaiah,Natalie
Andrew,Kinsley
Joshua,Delilah
Nathan,Claire
Nolan,Audrey
Adrian,Aaliyah
Cameron,Ruby
Santiago,Brooklyn
Eli,Alice
Aaron,Aubrey
Ryan,Autumn
Angel,Leilani
Cooper,Savannah
Waylon,Valentina
Easton,Kennedy
Kai,Madelyn
Christian,Josephine
Landon,Bella
Colton,Skylar
Roman,Genesis
Axel,Sophie
Brooks,Hailey
Jonathan,Sadie
Robert,Natalia
Jameson,Quinn
Ian,Caroline
Everett,Allison
Greyson,Gabriella
Wesley,Anna
Jeremiah,Serenity
Hunter,Nevaeh
Leonardo,Cora
Jordan,Ariana
Jose,Emery
Bennett,Lydia
Silas,Jade
Nicholas,Sarah
Parker,Eva
Beau,Adeline
Weston,Madeline
Austin,Piper
Connor,Rylee
Carson,Athena
Dominic,Peyton
Xavier,Everleigh
Jaxson,Vivian
Jace,Clara
Emmett,Raelynn
Adam,Liliana
Declan,Samantha
Rowan,Maria
Micah,Iris
Kayden,Ayla
Gael,Eloise
River,Lyla
Ryder,Eliza
Kingston,Hadley
Damian,Melody
Sawyer,Julia
Luka,Parker
Evan,Rose
Vincent,Isabelle
Legend,Brielle
Myles,Adalynn
Harrison,Arya
August,Eden
Bryson,Remi
Amir,Mackenzie
Giovanni,Maeve
Chase,Margaret
Diego,Reagan
Milo,Charlie
Jasper,Alaia
Walker,Melanie
Jason,Josie
Brayden,Elliana
Cole,Cecilia
Nathaniel,Mary
George,Daisy
Lorenzo,Alina
Zion,Lucia
Luis,Ximena
Archer,Juniper
Enzo,Kaylee
Jonah,Magnolia
Thiago,Summer
Theo,Adalyn
Ayden,Sloane
Zachary,Amara
Calvin,Arianna
Braxton,Isabel
Ashton,Reese
Rhett,Emersyn
Atlas,Sienna
Jude,Kehlani
Bentley,River
Carlos,Freya
Ryker,Valerie
Adriel,Blakely
Arthur,Genevieve
Ace,Esther
Tyler,Valeria
Jayce,Katherine
Max,Kylie
Elliot,Norah
Graham,Amaya
Kaiden,Bailey
Maxwell,Ember
Juan,Ryleigh
Dean,Georgia
Matteo,Catalina
Malachi,Emerson
Ivan,Alexandra
Elliott,Faith
Jesus,Jasmine
Emiliano,Ariella
Messiah,Ashley
Gavin,Andrea
Maddox,Millie
Camden,June
Hayden,Khloe
Leon,Callie
Antonio,Juliette
Justin,Sage
Tucker,Ada
Brandon,Anastasia
Kevin,Olive
Judah,Alani
Finn,Brianna
King,Rosalie
Brody,Molly
Xander,Brynlee
Nicolas,Amy
Charlie,Ruth
Arlo,Aubree
Emmanuel,Gemma
Barrett,Taylor
Felix,Oakley
Alex,Margot
Miguel,Arabella
Abel,Sara
Alan,Journee
Beckett,Harmony
Amari,Blake
Karter,Alaina
Timothy,Aspen
Abraham,Noelle
Jesse,Selena
Zayden,Oaklynn
Blake,Morgan
Alejandro,Londyn
Dawson,Zuri
Tristan,Aliyah
Victor,Jordyn
Avery,Juliana
Joel,Finley
Grant,Presley
Eric,Zara
Patrick,Leila
Peter,Marley
Richard,Sawyer
Edward,Amira
Andres,Lilly
Emilio,London
Colt,Kimberly
Knox,Elsie
Beckham,Ariel
Adonis,Lila
Kyrie,Alana
Matias,Diana
Oscar,Kamila
Lukas,Nyla
Marcus,Vera
Hayes,Hope
Caden,Annie
Remington,Kaia
Griffin,Myla
Nash,Alyssa
Israel,Angela
Steven,Ana
Holden,Lennon
Rafael,Evangeline
Zane,Harlow
Jeremy,Rachel
Kash,Gracie
Preston,Rowan
Kyler,Laila
Jax,Elise
Jett,Sutton
Kaleb,Lilah
Riley,Adelyn
Simon,Phoebe
Phoenix,Octavia
Javier,Sydney
Bryce,Mariana
Louis,Wren
Mark,Lainey
Cash,Vanessa
Lennox,Teagan
Paxton,Kayla
Malakai,Malia
Paul,Elaina
Kenneth,Saylor
Nico,Brooke
Kaden,Lola
Lane,Miriam
Kairo,Alayna
Maximus,Adelaide
Omar,Daniela
Finley,Jane
Atticus,Payton
Crew,Journey
Brantley,Lilith
Colin,Delaney
Dallas,Dakota
Walter,Mya
Brady,Charlee
Callum,Alivia
Ronan,Annabelle
Hendrix,Kailani
Jorge,Lucille
Tobias,Trinity
Clayton,Gia
Emerson,Tatum
Damien,Raegan
Zayn,Camille
Malcolm,Kaylani
Kayson,Kali
Bodhi,Stevie
Bryan,Maggie
Aidan,Haven
Cohen,Tessa
Brian,Daphne
Cayden,Adaline
Andre,Hayden
Niko,Joanna
Maximiliano,Jocelyn
Zander,Lena
Khalil,Evie
Rory,Juliet
Francisco,Fiona
Cruz,Cataleya
Kobe,Angelina
Reid,Leia
Daxton,Paige
Derek,Julianna
Martin,Milani
Jensen,Talia
Karson,Rebecca
Tate,Kendall
Muhammad,Harley
Jaden,Lia
Joaquin,Phoenix
Josue,Dahlia
Gideon,Logan
Dante,Camilla
Cody,Thea
Bradley,Jayla
Orion,Brooklynn
Spencer,Blair
Angelo,Vivienne
Erick,Hallie
Jaylen,Madilyn
Julius,Mckenna
Manuel,Evelynn
Ellis,Ophelia
Colson,Celeste
Cairo,Alayah
Gunner,Winter
Wade,Catherine
Chance,Collins
Odin,Nina
Anderson,Briella
Kane,Palmer
Raymond,Noa
Cristian,Mckenzie
Aziel,Kiara
Prince,Amari
Ezequiel,Adriana
Jake,Gracelynn
Otto,Lauren
Eduardo,Cali
Rylan,Kalani
Ali,Aniyah
Cade,Nicole
Stephen,Alexis
Ari,Mariah
Kameron,Gabriela
Dakota,Wynter
Warren,Amina
Ricardo,Ariyah
Killian,Adelynn
Mario,Remington
Romeo,Reign
Cyrus,Alaya
Ismael,Dream
Russell,Alexandria
Tyson,Willa
Edwin,Avianna
Desmond,Makayla
Nasir,Gracelyn
Remy,Elle
Tanner,Amiyah
Fernando,Arielle
Hector,Elianna
Titus,Giselle
Lawson,Brynn
Sean,Ainsley
Kyle,Aitana
Elian,Charli
Corbin,Demi
Bowen,Makenna
Wilder,Rosemary
Armani,Danna
Royal,Izabella
Stetson,Lilliana
Briggs,Melissa
Sullivan,Samara
Leonel,Lana
Callan,Mabel
Finnegan,Everlee
Jay,Fatima
Zayne,Leighton
Marshall,Esme
Kade,Raelyn
Travis,Madeleine
Sterling,Nayeli
Raiden,Camryn
Sergio,Kira
Tatum,Annalise
Cesar,Selah
Zyaire,Serena
Milan,Royalty
Devin,Rylie
Gianni,Celine
Kamari,Laura
Royce,Brinley
Malik,Frances
Jared,Michelle
Franklin,Heidi
Clark,Rory
Noel,Sabrina
Marco,Destiny
Archie,Gwendolyn
Apollo,Alessandra
Pablo,Poppy
Garrett,Amora
Oakley,Nylah
Memphis,Luciana
Quinn,Maisie
Onyx,Miracle
Alijah,Joy
Baylor,Liana
Edgar,Raven
Nehemiah,Shiloh
Winston,Allie
Major,Daleyza
Rhys,Kate
Forrest,Lyric
Jaiden,Alicia
Reed,Lexi
Santino,Addilyn
Troy,Anaya
Caiden,Malani
Harvey,Paislee
Collin,Elisa
Solomon,Kayleigh
Donovan,Azalea
Damon,Francesca
Jeffrey,Jordan
Kason,Regina
Sage,Viviana
Grady,Aylin
Kendrick,Skye
Leland,Daniella
Luciano,Makenzie
Pedro,Veronica
Hank,Legacy
Hugo,Maia
Esteban,Ariah
Johnny,Alessia
Kashton,Carmen
Ronin,Astrid
Ford,Maren
Mathias,Helen
Porter,Felicity
Erik,Alexa
Johnathan,Danielle
Frank,Lorelei
Tripp,Paris
Casey,Adelina
Fabian,Bianca
Leonidas,Gabrielle
Baker,Jazlyn
Matthias,Scarlet
Philip,Bristol
Jayceon,Navy
Kian,Esmeralda
Saint,Colette
Ibrahim,Stephanie
Jaxton,Jolene
Augustus,Marlee
Callen,Sarai
Trevor,Hattie
Ruben,Nadia
Adan,Rosie
Conor,Kamryn
Dax,Kenzie
Braylen,Alora
Kaison,Holly
Francis,Matilda
Kyson,Sylvia
Andy,Cameron
Lucca,Armani
Mack,Emelia
Peyton,Keira
Alexis,Braelynn
Deacon,Jacqueline
Kasen,Alison
Kamden,Amanda
Frederick,Cassidy
Princeton,Emory
Braylon,Ari
Wells,Haisley
Nikolai,Jimena
Iker,Jessica
Bo,Elaine
Dominick,Dorothy
Moshe,Mira
Cassius,Eve
Gregory,Oaklee
Lewis,Averie
Kieran,Charleigh
Isaias,Lyra
Seth,Madelynn
Marcos,Angel
Omari,Edith
Shane,Jennifer
Keegan,Raya
Jase,Ryan
Asa,Heaven
Sonny,Kyla
Uriel,Wrenley
Pierce,Meadow
Jasiah,Carter
Eden,Kora
Rocco,Saige
Banks,Kinley
Cannon,Maci
Denver,Mae
Zaiden,Salem
Roberto,Aisha
Shawn,Adley
Drew,Carolina
Emanuel,Sierra
Kolton,Alma
Ayaan,Helena
Ares,Bonnie
Conner,Mylah
Jalen,Briar
Alonzo,Aurelia
Enrique,Leona
Dalton,Macie
Moses,Maddison
Koda,April
Bodie,Aviana
Jamison,Lorelai
Phillip,Alondra
Zaire,Kennedi
Jonas,Monroe
Kylo,Emely
Moises,Maliyah
Shepherd,Ailani
Allen,Madilynn
Kenzo,Renata
Mohamed,Katie
Keanu,Zariah
Dexter,Imani
Conrad,Amber
Bruce,Analia
Sylas,Ariya
Soren,Anya
Raphael,Emberly
Rowen,Emmy
Gunnar,Mara
Sutton,Maryam
Quentin,Dior
Jaziel,Mckinley
Emmitt,Virginia
Makai,Amalia
Koa,Mallory
Maximilian,Opal
Brixton,Shelby
Dariel,Clementine
Zachariah,Remy
Roy,Xiomara
Armando,Elliott
Corey,Elora
Saul,Katalina
Izaiah,Antonella
Danny,Skyler
Davis,Hanna
Ridge,Kaliyah
Yusuf,Alanna
Ariel,Haley
Valentino,Itzel
Jayson,Cecelia
Ronald,Jayleen
Albert,Kensley
Gerardo,Beatrice
Ryland,Journi
Dorian,Dylan
Drake,Ivory
Gage,Yaretzi
Rodrigo,Meredith
Hezekiah,Sasha
Kylan,Gloria
Boone,Oaklyn
Ledger,Sloan
Santana,Abby
Jamari,Davina
Jamir,Lylah
Lawrence,Erin
Reece,Reyna
Kaysen,Kaitlyn
Shiloh,Michaela
Arjun,Nia
Marcelo,Fernanda
Abram,Jaliyah
Benson,Jenna
Huxley,Sylvie
Nikolas,Miranda
Zain,Anne
Kohen,Mina
Samson,Myra
Miller,Aleena
Donald,Alia
Finnley,Frankie
Kannon,Ellis
Lucian,Kathryn
Watson,Nalani
Keith,Nola
Westin,Jemma
Tadeo,Lennox
Sincere,Marie
Boston,Angelica
Axton,Cassandra
Amos,Calliope
Chandler,Adrianna
Leandro,Ivanna
Raul,Zelda
Scott,Faye
Reign,Karsyn
Alessandro,Oakleigh
Camilo,Dayana
Derrick,Amirah
Morgan,Megan
Julio,Siena
Clay,Reina
Edison,Rhea
Jaime,Julieta
Augustine,Malaysia
Julien,Henley
Zeke,Liberty
Marvin,Leslie
Bellamy,Alejandra
Landen,Kelsey
Dustin,Charley
Jamie,Capri
Krew,Priscilla
Kyree,Zariyah
Colter,Savanna
Johan,Emerie
Houston,Christina
Layton,Skyla
Quincy,Macy
Case,Mariam
Atreus,Melina
Cayson,Chelsea
Aarav,Dallas
Darius,Laurel
Harlan,Briana
Justice,Holland
Abdiel,Lilian
Layne,Amaia
Raylan,Blaire
Arturo,Margo
Taylor,Louise
Anakin,Rosalia
Ander,Aleah
Hamza,Bethany
Otis,Flora
Azariah,Kylee
Leonard,Kendra
Colby,Sunny
Duke,Laney
Flynn,Tiana
Trey,Chaya
Gustavo,Ellianna
Fletcher,Milan
Issac,Aliana
Sam,Estella
Trenton,Julie
Callahan,Yara
Chris,Rosa
Mohammad,Cheyenne
Rayan,Emmie
Lionel,Carly
Bruno,Janelle
Jaxxon,Kyra
Zaid,Naya
Brycen,Malaya
Roland,Sevyn
Dillon,Lina
Lennon,Mikayla
Ambrose,Jayda
Rio,Leyla
Mac,Eileen
Ahmed,Irene
Samir,Karina
Yosef,Aileen
Tru,Aliza
Creed,Kataleya
Tony,Kori
Alden,Indie
Aden,Lara
Alec,Romina
Carmelo,Jada
Dario,Kimber
Marcel,Amani
Roger,Liv
Ty,Treasure
Ahmad,Louisa
Emir,Marleigh
Landyn,Winnie
Skyler,Kassidy
Mohammed,Noah
Dennis,Monica
Kareem,Keilani
Nixon,Zahra
Rex,Zaylee
Uriah,Hadassah
Lee,Jamie
Louie,Allyson
Rayden,Anahi
Reese,Maxine
Alberto,Karla
Cason,Khaleesi
Quinton,Johanna
Kingsley,Penny
Chaim,Hayley
Alfredo,Marilyn
Mauricio,Della
Caspian,Freyja
Legacy,Jazmin
Ocean,Kenna
Ozzy,Ashlyn
Briar,Florence
Wilson,Ezra
Forest,Melany
Grey,Murphy
Joziah,Sky
Salem,Marina
Neil,Noemi
Remi,Coraline
Bridger,Selene
Harry,Bridget
Jefferson,Alaiya
Lachlan,Angie
Nelson,Fallon
Casen,Thalia
Salvador,Rayna
Magnus,Martha
Tommy,Halle
Marcellus,Estrella
Maximo,Joelle
Jerry,Kinslee
Clyde,Roselyn
Aron,Theodora
Keaton,Jolie
Eliam,Dani
Lian,Elodie
Trace,Halo
Douglas,Nala
Junior,Promise
Titan,Justice
Cullen,Nellie
Cillian,Novah
Musa,Estelle
Mylo,Jenesis
Hugh,Miley
Tomas,Hadlee
Vincenzo,Janiyah
Westley,Waverly
Langston,Braelyn
Byron,Pearl
Kiaan,Aila
Loyal,Katelyn
Orlando,Sariyah
Kyro,Azariah
Amias,Bexley
Amiri,Giana
Jimmy,Lea
Vicente,Cadence
Khari,Mavis
Brendan,Ila
Rey,Rivka
Ben,Jovie
Emery,Yareli
Zyair,Bellamy
Bjorn,Kamiyah
Evander,Kara
Ramon,Baylee
Alvin,Jianna
Ricky,Kai
Jagger,Alena
Brock,Novalee
Dakari,Elliot
Eddie,Livia
Blaze,Ashlynn
Gatlin,Denver
Alonso,Emmalyn
Curtis,Persephone
Kylian,Marceline
Nathanael,Jazmine
Devon,Kiana
Wayne,Mikaela
Zakai,Aliya
Mathew,Galilea
Rome,Harlee
Riggs,Jaylah
Aryan,Lillie
Avi,Mercy
Hassan,Ensley
Lochlan,Bria
Stanley,Kallie
Dash,Celia
Kaiser,Berkley
Benicio,Ramona
Bryant,Jaylani
Talon,Jessie
Rohan,Aubrie
Wesson,Madisyn
Joe,Paulina
Noe,Averi
Melvin,Aya
Vihaan,Chana
Zayd,Milana
Darren,Cleo
Enoch,Iyla
Mitchell,Cynthia
Jedidiah,Hana
Brodie,Lacey
Castiel,Andi
Ira,Giuliana
Lance,Milena
Guillermo,Leilany
Thatcher,Saoirse
Ermias,Adele
Misael,Drew
Jakari,Bailee
Emory,Hunter
Mccoy,Rayne
Rudy,Anais
Thaddeus,Kamari
Valentin,Paula
Yehuda,Rosalee
Bode,Teresa
Madden,Zora
Kase,Avah
Bear,Belen
Boden,Greta
Jiraiya,Layne
Maurice,Scout
Alvaro,Zaniyah
Ameer,Amelie
Demetrius,Dulce
Eliseo,Chanel
Kabir,Clare
Kellan,Rebekah
Allan,Giovanna
Azrael,Ellison
Calum,Isabela
Niklaus,Kaydence
Ray,Rosalyn
Damari,Royal
Elio,Alianna
Jon,August
Leighton,Nyra
Axl,Vienna
Dane,Amoura
Eithan,Anika
Eugene,Harmoni
Kenji,Kelly
Jakob,Linda
Colten,Aubriella
Eliel,Kairi
Nova,Ryann
Santos,Avayah
Zahir,Gwen
Idris,Whitley
Ishaan,Noor
Kole,Khalani
Korbin,Marianna
Seven,Addyson
Alaric,Annika
Kellen,Karter
Bronson,Vada
Franco,Tiffany
Wes,Artemis
Larry,Clover
Mekhi,Laylah
Jamal,Paisleigh
Dilan,Elyse
Elisha,Kaisley
Brennan,Veda
Kace,Zendaya
Van,Simone
Felipe,Alexia
Fisher,Alisson
Cal,Angelique
Dior,Ocean
Judson,Elia
Alfonso,Lilianna
Deandre,Maleah
Rocky,Avalynn
Henrik,Marisol
Reuben,Goldie
Anders,Malayah
Arian,Emmeline
Damir,Paloma
Jacoby,Raina
Khalid,Brynleigh
Kye,Chandler
Mustafa,Valery
Jadiel,Adalee
Stefan,Tinsley
Yousef,Violeta
Aydin,Baylor
Jericho,Lauryn
Robin,Marlowe
Wallace,Birdie
Alistair,Jaycee
Davion,Lexie
Alfred,Loretta
Ernesto,Lilyana
Kyng,Princess
Everest,Shay
Gary,Hadleigh
Leroy,Natasha
Yahir,Indigo
Braden,Zaria
Kelvin,Addisyn
Kristian,Deborah
Adler,Leanna
Avyaan,Barbara
Brayan,Kimora
Jones,Emerald
Truett,Raquel
Aries,Julissa
Joey,Robin
Randy,Austyn
Jaxx,Dalia
Jesiah,Nyomi
Jovanni,Ellen
Azriel,Kynlee
Brecken,Salma
Harley,Luella
Zechariah,Zayla
Gordon,Addilynn
Jakai,Giavanna
Carl,Samira
Graysen,Amaris
Kylen,Madalyn
Ayan,Scarlette
Branson,Stormi
Crosby,Etta
Dominik,Ayleen
Jabari,Brittany
Jaxtyn,Brylee
Kristopher,Araceli
Ulises,Egypt
Zyon,Iliana
Fox,Paityn
Howard,Zainab
Salvatore,Billie
Turner,Haylee
Vance,India
Harlem,Kaiya
Jair,Nancy
Jakobe,Clarissa
Jeremias,Mazikeen
Osiris,Taytum
Azael,Aubrielle
Bowie,Rylan
Canaan,Ainhoa
Elon,Aspyn
Granger,Elina
Karsyn,Elsa
Zavier,Magdalena
Cain,Kailey
Dangelo,Arleth
Heath,Joyce
Yisroel,Judith
Gian,Crystal
Shepard,Emberlynn
Harold,Landry
Kamdyn,Paola
Rene,Braylee
Rodney,Guinevere
Yaakov,Aarna
Adrien,Aiyana
Kartier,Kahlani
Cassian,Lyanna
Coleson,Sariah
Ahmir,Itzayana
Darian,Aniya
Genesis,Frida
Kalel,Jaylene
Agustin,Kiera
Wylder,Loyalty
Yadiel,Azaria
Ephraim,Jaylee
Kody,Kamilah
Neo,Keyla
Ignacio,Kyleigh
Osman,Micah
Aldo,Nataly
Abdullah,Kathleen
Cory,Zoya
Blaine,Meghan
Dimitri,Soraya
Khai,Zoie
Landry,Arlette
Palmer,Zola
Benedict,Luisa
Leif,Vida
Koen,Ryder
Maxton,Tatiana
Mordechai,Tori
Zev,Sandra
Atharv,Eleanora
Bishop,Katarina
Blaise,Soleil
Davian,Jenneth
